gpa,test_score,uni_tier,loan_sanctioned,pof_verified,offer_type,cas_issued,study_gap,visa_refusal,days_to_intake,session_time_min,intent_score
6.872700594,76.77701001,3,0,1,2,0,3,0,75,9,10.5
9.753571532,61.64655641,2,1,0,1,0,0,0,56,11,16.4
8.659969709,78.80197851,2,1,1,1,0,5,1,27,8,13.3
7.993292421,81.10585745,1,0,0,2,0,0,0,154,7,0
5.780093202,80.59790448,2,0,1,1,0,0,0,99,8,6.1
5.779972602,85.80780726,2,1,1,0,0,0,0,34,15,26.6
5.290418061,83.33922155,2,0,1,1,0,5,0,64,14,21.6
9.330880729,79.59180079,2,0,0,2,1,0,0,178,25,62.2
8.005575059,74.29834289,1,1,1,1,0,3,0,106,6,1.4
8.540362889,58.39039066,1,0,0,1,0,3,1,102,13,15.8
5.102922471,79.29618219,2,0,0,0,0,0,0,83,4,0
9.849549261,77.07687687,1,0,0,0,0,0,0,51,4,2.9
9.162213204,77.71578837,1,0,0,1,0,2,0,154,7,0
6.061695553,62.23251424,2,1,1,1,0,0,0,113,10,8.7
5.909124836,64.1894346,3,0,0,0,0,2,0,139,13,12.1
5.917022549,85.53152853,2,1,0,2,1,0,0,68,21,65.2
6.521211215,74.60444846,2,0,0,2,0,0,0,144,10,5.6
7.623782158,81.81500697,2,0,1,1,0,2,0,55,5,4.5
7.159725093,75.28318376,3,0,0,2,1,0,0,59,26,76.1
6.456145701,75.29756139,2,0,0,0,0,0,1,117,6,0.3
8.059264474,84.38283806,1,0,0,1,0,0,0,120,8,4
5.697469303,69.83955272,2,0,0,2,1,0,0,151,19,52.9
6.460723243,75.96120777,1,0,1,2,0,1,0,142,8,1.8
6.831809216,70.37724711,2,0,1,2,0,3,0,100,9,8
7.280349921,70.65503773,2,1,1,1,0,0,1,61,11,15.9
8.925879807,71.90827877,3,0,0,2,1,1,0,19,23,74.1
5.998368911,77.22133772,2,1,1,0,0,1,0,15,8,14.5
7.571172192,70.21251378,3,0,1,2,0,0,0,58,9,12.2
7.962072844,87.55756126,3,0,1,2,1,0,0,164,28,69.6
5.232252064,66.05392698,1,0,1,0,0,5,1,52,10,14.8
8.03772426,73.13128356,2,0,0,2,1,2,0,33,24,74.7
5.852620618,70.60268942,2,0,0,0,1,1,0,173,23,58.7
5.325257965,89.46977884,2,1,1,1,0,1,0,129,7,1.1
9.744427686,76.96554777,2,1,1,1,0,0,1,101,12,13.9
9.828160165,85.31844539,3,0,0,1,0,1,0,137,2,0
9.041986741,60.14439627,3,0,1,2,1,1,0,96,21,62.4
6.523068846,77.67050266,2,1,1,2,1,1,0,168,21,55.2
5.48836057,83.89630796,2,0,0,1,1,0,0,155,21,56.5
8.421165133,75.82283989,3,1,1,2,1,0,0,72,28,78.8
7.200762469,85.65480375,3,1,1,2,1,0,0,160,21,56
5.610191174,69.8271155,3,1,1,0,0,5,0,81,6,3.9
7.475884551,89.0934744,1,0,0,2,1,0,0,136,24,64.4
5.171942606,97.98898124,2,0,1,0,0,0,0,101,8,5.9
9.54660201,71.3716144,1,0,0,2,1,0,0,145,29,73.5
6.293899908,70.54497479,2,0,0,1,0,0,0,69,6,5.1
8.312611422,89.53384477,1,1,1,0,0,2,0,103,4,0
6.55855538,90.79572146,2,0,0,1,0,1,1,72,9,10.8
7.600340106,69.77139973,2,0,1,2,1,1,0,77,22,66.3
7.733551397,70.79813183,1,1,1,1,1,0,0,105,23,65.5
5.924272278,72.18215391,2,1,1,0,0,2,0,66,8,9.4
9.847923139,61.55549489,2,1,1,1,0,0,0,140,10,6
8.875664117,65.81348054,2,1,1,2,1,0,0,38,21,68.2
9.697494708,64.95859233,1,0,1,1,0,0,0,86,4,0
9.474136752,67.32202435,2,0,1,1,0,0,0,23,10,17.7
7.989499894,74.65315113,3,1,1,1,0,0,1,124,10,7.6
9.609371175,77.34214733,1,0,0,0,0,1,0,179,5,0
5.44246251,90.50500493,1,0,0,2,1,1,0,108,22,63.2
5.979914312,65.01645959,2,0,0,2,1,3,0,131,23,62.9
5.226136445,84.84322398,3,0,1,1,1,0,0,97,19,58.3
6.626651654,72.86011156,2,1,1,1,0,0,0,94,7,4.6
6.943386448,74.5053629,2,0,0,2,1,0,0,166,27,67.4
6.356745159,81.74819492,2,0,1,1,0,5,0,163,8,0
9.143687546,63.77277978,2,0,0,2,1,1,0,114,21,60.6
6.783766633,78.82409746,1,0,0,2,1,2,1,54,20,64.6
6.404672548,76.66452208,2,0,0,2,0,0,0,117,8,4.3
7.713480416,79.92451264,3,0,0,1,1,1,0,76,24,70.4
5.704621125,77.89168644,2,1,1,1,0,0,0,83,4,0
9.010984904,99.5530014,3,0,0,2,1,1,0,156,24,62.4
5.372753218,68.62260016,3,0,0,1,0,5,0,123,6,0
9.934434683,69.69003045,1,0,0,2,1,5,0,18,26,80.2
8.861223846,68.76859474,3,0,0,1,0,1,1,86,9,9.4
5.993578408,69.44522881,1,0,1,2,0,0,1,31,8,12.9
5.027610586,68.62612873,2,1,1,1,0,5,0,128,8,3.2
9.077307142,86.89016531,1,0,0,0,0,1,0,99,7,4.1
8.534286719,89.20504248,1,1,1,0,0,0,0,71,7,6.9
8.64503584,69.29253706,2,0,0,2,1,0,0,121,22,61.9
8.856351733,66.67644427,2,0,0,2,1,0,0,62,22,67.8
5.370223259,79.71415556,2,0,0,1,0,0,0,131,12,10.9
6.792328643,69.47776956,2,1,1,1,0,0,0,175,11,4.5
5.579345298,81.32931818,1,0,0,2,0,1,0,45,7,9.5
9.315517129,77.02923021,1,0,1,0,0,0,0,126,4,0
8.116490634,59.84255885,2,0,0,1,0,0,0,61,14,21.9
6.654490124,90.47505201,2,0,0,0,0,1,0,148,10,5.2
5.317791751,92.95877673,3,0,0,0,0,3,1,122,11,9.8
6.554911609,68.8721131,2,0,1,1,0,1,0,86,5,1.4
6.62591661,71.1229844,3,0,0,1,0,0,0,85,13,17.5
8.648030892,77.85865391,2,0,0,0,0,5,0,176,8,0
8.187787357,78.3445679,2,0,0,1,0,5,0,122,5,0
9.436063713,81.58544273,2,1,1,1,0,0,0,67,7,7.3
7.361074626,95.10204539,2,1,0,1,0,0,0,156,8,0.4
5.59797123,73.23052773,2,1,1,1,0,2,0,30,10,17
8.566223936,67.01702755,3,0,1,2,1,3,0,130,20,57
8.803925243,61.20680772,2,0,1,0,0,5,0,87,5,1.3
7.806385988,67.6906996,3,0,0,1,0,3,0,88,4,0
8.8548359,74.66873027,3,0,0,0,0,1,0,95,5,0.5
7.468977982,92.94557864,3,0,1,0,0,1,0,26,12,21.4
7.613664147,69.82388701,3,0,0,1,0,0,1,142,2,0
7.137705092,77.23787952,2,0,0,1,0,0,0,84,7,5.6
5.127095634,74.83577104,2,0,1,2,1,0,0,161,24,61.9
5.539457135,86.88393273,2,1,1,1,0,1,0,55,9,12.5
5.157145928,100,2,0,1,2,1,1,0,171,22,56.9
8.182052056,69.69131227,2,0,1,0,1,2,1,73,25,72.7
6.571779905,70.10560557,3,0,0,0,0,0,0,103,8,5.7
7.542853456,85.44160877,2,0,0,0,0,1,0,38,10,16.2
9.53783237,81.8189149,2,0,0,0,0,0,0,158,10,4.2
6.246461146,93.46707326,1,1,1,1,0,0,0,94,3,0
7.051914615,80.83928185,2,1,0,2,0,2,0,148,4,0
8.777755693,71.40707909,1,0,0,0,0,1,0,179,7,0
6.143990827,80.90654831,3,1,1,2,0,5,0,146,7,0
5.384899549,86.08703581,2,1,1,2,1,0,0,106,23,65.4
6.448757265,83.20482181,1,1,1,1,0,0,0,106,4,0
5.806106436,80.07274031,1,1,1,0,0,0,0,95,9,8.5
9.648488262,85.6667469,2,0,0,0,0,0,0,156,13,10.4
9.040601898,86.6929559,2,0,1,0,0,3,0,85,8,7.5
8.167018783,88.82158991,2,0,1,0,0,1,0,79,9,10.1
9.357302951,81.48709888,1,0,0,1,1,3,0,66,25,73.4
9.018360384,73.3288192,2,1,0,1,1,0,0,44,20,65.6
5.932850294,76.46713686,2,0,0,1,0,3,0,113,6,0.7
9.462794992,87.06508967,2,1,1,2,1,0,0,172,20,52.8
7.69671121,66.83064329,2,1,1,2,0,3,0,112,10,8.8
9.037200776,78.68673309,2,1,1,2,0,0,0,56,7,8.4
9.4804565,71.06661188,2,1,1,0,0,0,1,153,9,2.7
6.590017375,75.28744823,3,0,0,1,0,1,0,41,11,17.9
5.550259623,87.78451863,2,0,1,1,0,5,0,166,7,0
6.139675813,76.91099068,2,0,0,0,0,0,0,86,8,7.4
7.135538943,75.46436548,1,0,1,0,0,0,0,32,9,14.8
9.09007383,61.40143859,2,0,1,2,0,3,0,91,9,8.9
9.303652916,82.46253566,1,0,0,2,1,0,0,59,20,64.1
5.034760653,81.45484181,2,1,1,1,0,0,0,129,10,7.1
7.553736513,96.63254723,3,0,1,1,0,0,0,101,8,5.9
7.087055016,71.92221765,2,0,0,1,0,0,0,154,11,6.6
6.110539052,77.19150328,1,0,1,0,0,5,0,173,8,0
5.599326837,77.49383684,1,0,0,1,0,2,0,106,5,0
6.688075857,90.7745328,2,0,1,0,0,1,0,36,9,14.4
9.71454852,74.04704468,1,1,1,0,0,5,0,106,9,7.4
6.61601466,77.79021526,1,0,0,2,1,0,0,91,24,68.9
7.593953109,81.0789651,3,1,1,1,1,0,0,39,20,66.1
8.515094794,76.86609123,2,0,1,2,1,0,0,122,25,67.8
6.818148012,70.53566385,2,1,1,1,0,0,0,149,10,5.1
9.858910414,76.94089993,3,0,0,1,0,0,0,123,9,5.7
9.812236475,85.7363175,1,0,1,1,1,5,0,148,23,61.2
6.258911479,64.73484701,3,0,1,0,0,2,0,38,8,12.2
7.486242529,76.32969674,2,1,1,0,0,0,0,33,10,16.7
6.504391549,67.99879185,3,0,1,2,0,1,0,97,10,10.3
6.424202472,86.95046629,2,0,1,2,1,2,0,129,18,53.1
5.184434737,59.76813095,3,1,1,1,0,5,0,23,14,25.7
8.04782167,69.41078153,3,1,1,1,0,3,0,126,11,9.4
7.513395116,78.77211875,2,0,1,2,1,1,0,178,23,58.2
5.257393756,90.65524029,3,1,1,0,0,2,0,116,8,4.4
6.393232321,74.34249739,2,0,0,1,0,1,0,166,8,0
9.54132943,69.44800473,2,0,0,1,0,1,0,62,9,11.8
6.197809453,93.81157069,2,0,0,2,0,0,0,83,12,15.7
5.72447436,60.519861,2,1,1,2,1,0,0,133,28,72.7
7.447263801,53.01194043,1,1,1,1,0,1,0,59,11,16.1
9.928252271,79.4001445,2,0,0,2,1,0,0,139,22,60.1
6.210276358,69.97945776,2,0,1,2,1,0,0,28,22,71.2
8.360677737,64.78767183,3,0,1,1,0,2,0,171,5,0
8.808098077,82.08356447,3,1,1,1,1,0,0,148,21,57.2
6.18818772,77.43800714,2,1,1,1,0,1,0,149,3,0
8.641081743,69.35921369,2,0,0,2,1,1,0,51,24,72.9
6.838915664,62.19695601,2,1,1,0,0,5,0,67,13,19.3
8.161529153,83.72457328,1,1,0,2,1,0,0,32,22,70.8
8.167648554,81.50201178,1,0,1,1,0,0,0,52,7,8.8
7.67887342,74.00824136,2,0,0,2,1,1,0,143,26,67.7
5.45144885,93.46636996,2,0,0,1,0,3,0,58,6,6.2
9.176512478,64.29915234,3,0,0,1,0,5,0,61,9,11.9
6.603900325,59.74474829,2,0,1,2,1,0,0,49,28,81.1
5.932592552,68.0809193,2,0,0,2,1,0,0,74,26,74.6
5.203875708,74.54413984,2,1,1,2,0,5,0,104,11,11.6
7.954464716,77.43339449,1,0,1,0,0,0,1,66,8,9.4
8.387821809,72.58763942,2,0,0,2,1,1,0,22,27,81.8
5.082939145,78.52055397,2,0,1,0,0,0,0,121,12,11.9
7.560465291,62.48460576,2,0,1,1,1,0,0,145,30,75.5
6.132478876,89.43764604,2,0,1,1,1,0,0,156,19,52.4
8.225863952,74.17848822,3,0,1,1,0,0,0,110,6,1
5.871832145,86.17295832,3,0,0,1,0,1,0,40,5,6
8.454688691,78.42725346,2,0,0,2,1,5,1,125,23,63.5
6.933676732,79.56753219,2,0,1,0,0,0,0,137,10,6.3
9.683649944,80.6976728,2,0,1,2,1,3,0,65,22,67.5
5.687604721,79.4770856,2,1,0,1,0,0,0,137,7,0.3
6.705331755,81.4272276,2,0,0,0,0,1,0,19,3,4.1
5.567367606,88.2915253,1,0,1,0,0,0,0,91,10,10.9
9.623468091,76.9652117,2,1,1,2,0,5,0,174,9,0.6
9.386696767,82.09003758,2,0,0,2,1,2,0,15,23,74.5
6.289708139,74.10264306,2,0,0,2,1,1,0,25,24,75.5
8.29992023,89.40117215,3,1,1,2,1,3,0,22,22,71.8
9.086111001,68.23607698,3,0,0,1,0,1,0,167,7,0
7.776004058,93.00940433,3,0,1,1,0,5,0,46,10,15.4
7.648252892,74.59842049,2,1,1,2,1,2,0,42,21,67.8
6.209261455,60.69224898,3,1,1,1,0,5,0,145,6,0
5.465513839,76.28104415,1,1,1,1,0,1,0,142,8,1.8
9.48607879,68.18948343,3,0,0,1,0,0,0,76,11,14.4
9.502090286,83.40643549,1,0,1,1,0,1,0,41,8,11.9
8.165507286,68.47376021,3,0,0,1,0,0,0,59,11,16.1
6.695148955,70.53816567,2,0,0,0,0,1,0,119,8,4.1
6.746047873,56.10459269,3,0,1,1,0,0,0,106,10,9.4
8.629778394,70.47693681,3,0,1,1,0,1,0,39,6,8.1
9.4855513,50.76120673,1,1,1,1,0,0,0,58,8,10.2
9.435432121,59.16097177,2,0,1,1,0,0,0,156,7,0
8.899377729,82.60414656,3,0,1,2,0,0,0,150,7,0
8.210158231,82.85800159,2,0,0,0,0,5,0,156,3,0
5.420699825,79.25457562,3,0,1,1,0,0,1,94,11,12.6
5.80814357,65.33023857,2,0,1,2,1,0,0,96,22,64.4
9.492770943,74.52288644,2,0,0,1,0,2,0,149,6,0
8.032145298,74.96397461,2,0,1,1,0,1,0,102,11,11.8
5.045985258,63.41635311,2,0,1,2,0,0,0,141,2,0
5.507357714,90.03398302,3,1,1,1,0,0,0,69,7,7.1
8.317508846,83.77362291,2,1,1,2,1,0,0,155,24,62.5
5.025307919,72.79035826,2,0,1,2,1,5,0,70,23,69
5.804040257,75.26885839,2,0,0,2,1,0,0,29,27,81.1
7.743668947,77.08382808,2,1,1,1,0,0,0,72,6,4.8
8.459475988,54.58265132,3,1,1,0,0,0,0,177,13,8.3
8.259806298,72.52822617,3,0,0,1,0,0,0,102,11,11.8
6.121346547,68.18015752,2,1,1,1,0,2,0,111,12,12.9
8.560896107,64.9837999,3,0,1,1,0,0,0,158,4,0
6.186245437,72.18899707,3,1,1,1,0,0,0,22,14,25.8
6.626998491,92.97686527,2,1,1,1,0,0,0,54,4,2.6
8.732457026,81.40842861,3,0,1,0,0,0,0,28,12,21.2
8.248164495,69.2882101,2,1,1,1,0,0,0,67,5,3.3
9.246117052,80.72582781,1,0,0,1,0,3,1,141,6,0
8.288064462,88.99355437,3,1,1,2,1,2,0,169,27,67.1
7.841543017,84.24633683,2,0,1,0,0,5,0,94,9,8.6
5.468373839,75.5963037,3,1,1,1,0,3,0,129,10,7.1
6.838579015,68.53063222,3,0,0,2,1,1,1,148,24,63.2
6.326011838,81.98223314,1,0,1,0,0,0,0,69,8,9.1
6.219948217,78.93485385,3,0,0,1,0,2,1,58,11,16.2
9.865052774,83.9519322,2,1,1,0,0,3,0,32,7,10.8
6.965488623,81.35171802,2,1,1,2,0,2,0,30,10,17
9.460232776,85.49552715,2,1,0,1,0,1,0,26,7,11.4
8.15569313,69.64764788,3,1,1,1,0,0,0,162,16,15.8
8.974056518,88.17394066,1,0,0,1,0,3,0,59,7,8.1
7.513185466,76.97599605,2,0,0,2,0,2,0,107,12,13.3
7.884519423,95.75260873,2,0,1,0,0,5,0,36,5,6.4
7.462588469,68.10812182,3,0,1,0,0,0,0,111,7,2.9
5.976214939,92.35963803,2,0,0,2,0,0,0,61,11,15.9
8.612260576,76.97910783,1,0,1,1,0,0,0,43,8,11.7
6.403861812,68.48581996,2,0,0,2,1,2,0,59,26,76.1
5.121579832,70.16114166,2,0,1,1,0,0,0,91,6,2.9
8.22736148,71.79652692,3,0,1,2,1,0,0,23,24,75.7
5.885553397,79.24165946,2,0,1,1,0,5,0,38,7,10.2
9.702292922,80.22835488,2,1,1,2,1,0,0,29,20,67.1
9.769642885,69.26299996,3,1,0,2,1,3,0,178,23,58.2
9.574321951,74.75645408,1,1,1,1,0,0,0,27,4,5.3
6.850793501,96.42270359,3,0,1,0,0,3,0,105,4,0
5.077283083,92.2754317,2,0,1,1,0,1,0,115,4,0
9.641592813,79.3632367,3,1,0,0,0,5,0,85,12,15.5
7.140920742,75.38003478,2,0,0,1,0,5,0,136,6,0
9.833274095,76.20031327,1,0,0,1,0,0,0,90,9,9
9.818099885,81.13517973,3,0,0,1,0,0,0,178,8,0
9.265047277,64.77207435,3,0,1,1,0,0,0,130,4,0
6.47224446,72.42623463,3,0,0,1,0,1,0,75,10,12.5
6.925488643,58.31415926,1,0,0,2,0,3,0,140,13,12
9.255683358,78.99223123,3,0,0,0,0,0,0,169,7,0
6.584610026,81.4719594,3,0,0,0,0,1,0,15,6,10.5
5.847463733,70.16813538,2,0,0,0,0,0,0,176,11,4.4
7.784006312,90.73986763,3,1,1,1,0,3,0,82,6,3.8
9.680773871,62.74234337,3,0,1,1,0,5,0,102,8,5.8
8.480148983,60.3562512,2,0,1,1,0,0,1,35,6,8.5
7.85030585,77.24451819,1,1,1,1,0,0,0,175,13,8.5
5.485882469,85.47098303,2,0,1,2,1,0,0,149,22,59.1
8.075036133,91.83927691,1,0,1,0,0,1,0,17,5,8.3
9.950269251,70.41115737,2,0,0,2,1,1,0,65,23,69.5
5.700420076,85.78680833,2,0,0,2,1,0,0,93,20,60.7
7.591648262,74.6149153,1,0,1,2,1,0,0,109,27,73.1
9.38686536,73.273727,2,1,1,2,1,0,1,137,26,68.3
8.703843089,83.83659937,1,0,1,0,0,1,0,20,11,20
8.485078705,81.52322878,3,0,0,0,0,1,0,171,8,0
8.51242042,59.23607843,3,0,0,2,1,0,0,31,20,66.9
6.797455756,89.7654035,1,0,1,1,0,2,0,131,9,4.9
6.467959221,88.80091354,3,0,0,1,0,2,0,74,12,16.6
9.046805777,68.74437298,2,0,1,2,1,0,0,164,29,71.6
9.050566973,78.95803533,2,0,0,2,0,0,0,166,4,0
9.335361593,79.94030186,1,0,0,2,1,2,0,139,21,58.1
9.566202763,77.60673766,2,0,0,2,1,5,0,95,26,72.5
7.556711994,69.49694846,3,0,0,2,1,0,0,99,24,68.1
7.507581473,68.28376632,3,1,1,1,1,0,0,65,25,73.5
8.991475895,74.74445929,1,0,0,2,1,0,0,153,20,54.7
8.249819654,86.72729019,1,0,0,0,0,1,0,85,4,0
8.509834386,80.43600155,2,0,1,1,0,0,0,53,5,4.7
8.978963347,71.29385668,2,1,1,2,1,0,0,83,23,67.7
9.450026709,82.71698711,2,0,1,1,0,1,1,62,12,17.8
6.689975784,50,2,0,0,1,0,1,0,139,6,0
6.877914763,86.487657,3,1,1,0,0,0,0,71,16,24.9
5.469909699,57.60286221,3,1,1,2,0,0,0,35,5,6.5
7.891400705,71.37559059,2,0,0,1,1,1,0,96,22,64.4
5.179711369,63.80330105,3,0,0,2,1,0,0,113,25,68.7
7.327990091,62.05318524,2,1,1,1,0,0,0,162,7,0
7.713223174,86.60826787,2,1,1,2,1,3,0,29,25,77.1
6.432706261,70.32298799,2,1,1,2,1,0,0,83,21,63.7
7.954166303,78.46503882,2,0,0,1,0,2,0,90,8,7
5.15250125,74.53079421,3,0,0,1,0,5,0,76,10,12.4
5.186740944,79.77040827,2,0,1,1,1,0,0,133,20,56.7
9.113002803,75.76821891,2,1,1,2,0,0,1,51,6,6.9
6.800953207,62.17007776,2,0,0,2,1,1,0,148,25,65.2
5.635302563,84.96266819,1,0,0,2,1,3,0,40,18,62
7.6112163,70.06243417,3,1,1,1,0,5,0,22,1,0
8.849967765,59.43418101,2,0,0,2,0,2,0,18,5,8.2
6.079105137,70.71884839,2,1,1,2,0,0,0,35,14,24.5
8.114452379,90.00759791,2,0,0,2,1,1,0,173,23,58.7
5.426737325,83.50221742,2,0,0,2,1,0,0,163,22,57.7
5.258408606,71.51347866,1,0,1,1,0,0,0,39,7,10.1
7.656773158,71.50742296,2,1,1,0,0,0,0,157,11,6.3
7.703175608,71.78364949,2,0,0,2,0,0,0,177,8,0
8.187149507,95.76747984,3,0,0,2,1,2,0,57,17,58.3
8.630456669,78.81935452,3,1,1,1,0,0,0,51,14,22.9
9.879260397,79.30041647,3,0,0,1,0,0,0,56,9,12.4
7.581501742,85.30283454,2,0,0,1,0,0,0,106,5,0
6.614782365,77.38789159,2,0,1,1,1,3,0,75,26,74.5
8.975930974,72.40957854,1,0,1,1,0,2,0,156,7,0
6.354161256,73.03650151,3,0,1,2,1,0,1,82,21,63.8
7.194857104,74.28398741,2,0,0,2,1,0,0,67,24,71.3
5.392281907,74.62777763,2,0,0,1,0,0,0,98,9,8.2
5.126753717,82.27629544,2,0,0,1,0,5,1,48,7,9.2
9.813242073,75.51945886,1,0,0,1,0,1,0,90,5,1
9.179900603,82.32640077,2,0,1,0,0,1,0,111,6,0.9
8.47987103,74.1928342,1,0,0,2,1,1,0,166,22,57.4
7.044764722,75.7863519,3,0,1,2,1,0,0,162,28,69.8
5.8664716,55.01799315,2,0,0,1,0,3,1,44,7,9.6
5.782185213,84.16327675,1,0,0,2,1,1,0,102,23,65.8
6.251214491,78.46488476,2,0,1,2,1,0,0,21,17,61.9
7.746133324,84.9801011,1,1,1,2,0,0,0,50,8,11
8.572979614,50,2,0,1,0,0,1,0,52,4,2.8
8.300986884,95.88374705,3,1,0,2,1,5,0,66,25,73.4
6.399669485,73.60410372,1,1,1,1,0,0,0,157,11,6.3
9.774326403,86.08182817,3,0,0,1,0,3,0,165,7,0
8.689484583,64.60094073,1,0,0,0,0,2,0,154,11,6.6
7.771770263,81.12773905,2,0,1,1,0,0,1,157,10,4.3
8.058603731,64.46584437,3,1,1,0,0,0,0,107,11,11.3
7.098000312,68.76231039,2,0,1,1,0,0,0,121,12,11.9
6.238654948,94.14031354,1,0,0,1,0,2,0,140,7,0
6.779863393,73.09317599,2,0,1,2,0,0,0,63,7,7.7
8.789230552,77.17432873,2,1,1,2,1,0,0,35,23,72.5
5.071967443,83.70067731,3,1,1,1,0,1,1,29,10,17.1
5.580363203,79.95681888,2,0,0,2,1,2,0,28,26,79.2
5.23001321,76.50418905,3,0,0,2,1,0,0,56,25,74.4
5.203644012,78.64961002,3,0,0,2,0,0,0,29,9,15.1
9.27730292,99.03415585,2,0,0,0,0,0,0,77,3,0
8.518289297,74.42381203,3,1,1,2,0,1,0,41,7,9.9
7.370869145,77.01099047,2,0,1,2,1,3,0,107,18,55.3
5.489170803,85.50654396,3,0,1,2,0,0,0,119,10,8.1
7.458079376,86.05525933,1,0,1,1,0,3,0,67,7,7.3
7.367358854,86.87030306,2,1,1,1,0,1,0,66,6,5.4
5.86600935,81.38730222,2,1,1,2,1,1,1,77,26,74.3
7.169258246,63.56995087,2,0,0,1,0,1,0,71,7,6.9
6.992523672,91.33431532,2,1,1,0,0,0,0,134,12,10.6
8.07925049,63.53654607,3,0,0,1,0,0,0,66,4,1.4
8.175468254,78.02635465,1,0,0,2,1,1,0,121,23,63.9
5.226520049,67.4572415,1,0,0,2,1,1,1,57,23,70.3
6.873063073,74.35861653,3,0,0,0,0,1,0,149,4,0
8.129299579,78.2876241,2,0,1,2,1,0,0,131,26,68.9
7.515681293,78.21357215,3,1,1,1,0,5,0,18,7,12.2
9.282449206,79.21920754,3,0,1,2,0,1,0,147,8,1.3
8.293468158,91.13711269,3,0,0,2,1,0,0,94,26,72.6
5.814672135,79.53534302,3,0,0,2,1,0,0,55,18,60.5
5.352843737,72.55843365,2,0,0,2,1,2,0,146,25,65.4
8.212096391,84.64087168,1,1,1,1,0,2,0,16,11,20.4
5.132556553,86.89470489,3,0,0,2,1,0,0,163,18,49.7
7.928877906,62.72392185,2,0,0,0,0,3,0,57,10,14.3
9.701151207,80.9740007,1,1,1,2,1,0,0,96,24,68.4
7.877370889,82.01172742,2,0,0,2,1,0,0,122,23,63.8
6.940849631,72.02436497,3,0,1,2,1,3,0,151,24,62.9
8.216441092,88.75706813,2,0,0,1,0,3,0,170,7,0
7.291264452,73.49944413,2,0,0,2,1,1,0,40,21,68
7.728083947,76.25576453,2,1,1,0,0,3,0,96,10,10.4
9.707324044,73.26928176,2,1,1,0,0,0,0,97,12,14.3
6.930513189,75.15579048,2,0,1,2,1,3,0,145,23,61.5
9.805952819,64.03724913,2,1,1,1,0,0,0,87,9,9.3
9.52675321,60.59949117,1,0,1,2,1,0,0,114,26,70.6
5.978955674,90.94505063,3,0,0,1,0,0,0,63,9,11.7
5.346806504,66.53038652,2,0,1,0,0,0,0,159,6,0
5.503890007,65.08607651,3,0,0,2,1,0,0,77,23,68.3
5.091109128,53.46609886,3,0,1,1,0,0,0,69,6,5.1
5.472214804,68.61038252,2,0,0,0,1,0,0,165,24,61.5
8.415033867,61.76910207,2,1,1,2,1,0,0,48,22,69.2
5.355943242,91.4201516,2,0,1,1,0,1,0,119,7,2.1
6.594878151,85.09817089,3,0,0,2,1,0,0,119,21,60.1
9.224376555,68.11849655,2,0,1,1,0,0,0,83,9,9.7
5.116359679,97.52435805,2,0,1,2,1,2,0,29,28,83.1
9.072342413,84.81765487,2,0,0,2,1,3,0,17,20,68.3
6.409273874,71.75168616,2,0,0,2,0,2,0,170,2,0
5.590824138,50.00594285,1,1,1,0,0,0,0,17,5,8.3
8.483685827,97.90942573,2,0,1,2,0,2,0,116,6,0.4
8.144714234,61.10427533,3,0,0,2,1,0,0,18,24,76.2
9.387360068,58.54601253,2,0,0,2,0,0,0,102,11,11.8
8.675355219,85.22570432,2,0,1,1,0,0,0,173,9,0.7
9.017404652,99.39752406,2,0,1,2,1,3,0,59,20,64.1
6.410172863,88.84272819,3,1,1,2,1,0,0,59,25,74.1
5.887197719,80.6390912,1,0,1,0,0,0,0,89,5,1.1
8.753073758,80.94754342,3,0,0,1,1,0,0,179,29,70.1
9.034173696,83.53415559,2,0,0,2,1,3,0,23,20,67.7
9.95252571,82.5892859,2,0,0,0,0,1,0,159,8,0.1
7.063088385,77.81191424,1,0,1,2,1,0,1,132,21,58.8
6.860090429,76.04201104,1,1,1,2,0,1,0,79,13,18.1
8.882064804,74.37406872,2,0,1,2,1,1,0,145,23,61.5
6.704017701,67.46035411,2,1,1,1,0,1,1,40,6,8
9.653786628,72.19324923,3,0,0,1,0,0,0,173,7,0
9.292063759,58.07043186,1,1,1,2,0,3,0,40,5,6
7.144970137,74.01660373,2,0,0,1,0,0,0,37,11,18.3
8.754355339,65.11408893,2,0,0,2,1,1,0,44,26,77.6
8.77271437,63.96410683,1,0,1,1,0,0,0,24,9,15.6
5.515619344,76.79894151,1,1,1,0,0,0,0,86,5,1.4
9.512764533,88.92002286,2,0,1,0,0,0,0,78,11,14.2
7.526261862,84.18316606,2,0,1,1,0,1,0,164,6,0
9.132287331,59.29499396,2,0,0,2,1,0,0,157,25,64.3
6.600248005,65.10371863,2,1,1,1,0,2,0,137,4,0
9.477616142,84.40771188,2,0,0,1,0,0,0,119,7,2.1
6.946008394,65.17512606,1,1,1,1,0,1,0,88,11,13.2
5.054188257,72.7536685,2,0,1,1,0,3,0,162,10,3.8
9.526909882,80.50052099,3,0,0,1,0,1,1,119,7,2.1
5.456433384,65.31655545,2,0,1,2,1,2,0,61,25,73.9
6.596568188,76.05375506,2,1,1,1,0,1,0,101,8,5.9
9.750309835,61.65974505,2,0,0,1,0,0,0,67,3,0
9.753035735,68.98632356,3,1,1,0,1,3,0,143,22,59.7
7.867189441,78.19781934,3,0,1,2,1,0,0,16,21,70.4
8.159186061,59.07006266,2,0,1,1,0,1,1,72,8,8.8
7.24222761,79.40474738,3,0,0,0,0,2,0,161,9,1.9
6.466053858,74.80362201,1,0,0,2,1,0,0,86,25,71.4
6.643322727,80.52489954,1,1,1,1,0,0,0,154,12,8.6
8.36259228,77.23914134,3,1,1,1,0,0,0,168,10,3.2
8.761872647,88.6414043,3,1,1,1,0,3,0,41,7,9.9
8.957895219,76.25224503,1,1,1,2,0,5,0,43,7,9.7
8.948090714,70.70594459,2,0,1,0,0,1,0,29,13,23.1
5.456030515,76.22297503,1,0,0,2,1,1,0,143,23,61.7
7.472101524,80.43298029,2,1,1,2,0,5,0,74,13,18.6
5.2877938,75.4886007,3,0,1,1,0,0,0,121,5,0
7.747644412,75.40591691,2,1,1,1,1,0,0,17,22,72.3
7.207652507,67.98008312,2,1,1,1,0,2,0,129,9,5.1
9.438520914,68.37099082,2,0,0,2,0,3,0,160,3,0
6.754575063,60.97394728,1,1,1,1,0,3,0,66,11,15.4
5.585335082,92.49576743,2,0,1,1,0,0,1,74,5,2.6
5.71495841,62.56136765,2,0,0,1,0,0,0,48,6,7.2
8.807553159,68.07094802,3,0,1,2,1,0,1,110,23,65
8.091090317,67.81592734,3,0,1,1,0,0,0,103,4,0
5.505613381,83.94924377,1,0,0,2,1,0,1,74,20,62.6
5.420534031,72.05050322,3,0,1,1,0,2,0,168,15,13.2
8.504845657,87.47742073,3,1,1,0,0,0,1,33,4,4.7
5.363815032,68.26509376,3,1,0,1,0,3,0,125,5,0
9.109300296,77.78994162,2,0,0,1,0,0,0,36,14,24.4
8.531211136,66.64652947,2,0,1,1,0,1,1,175,5,0
5.406743903,96.45149128,2,1,1,0,0,0,0,142,12,9.8
5.42418857,63.12401581,1,0,1,2,1,0,0,49,28,81.1
9.933197893,78.0982071,2,0,1,2,1,0,0,121,20,57.9
6.871353979,81.33776881,2,0,0,2,1,5,1,142,21,57.8
6.853210735,79.13799097,2,0,1,0,0,3,0,97,8,6.3
9.063997836,73.14712341,3,0,0,0,0,0,0,152,8,0.8
9.736242887,73.701793,2,1,1,0,0,0,0,157,6,0
9.930005319,75.43811472,1,0,1,2,1,5,0,153,18,50.7
8.766890926,73.52997998,3,0,1,2,1,0,0,125,25,67.5
6.881297928,84.63879117,3,0,0,1,0,0,0,104,6,1.6
5.417503583,97.10523002,3,0,0,0,0,1,0,38,7,10.2
8.88573458,69.42508215,3,0,1,1,0,5,1,91,4,0
7.792021249,61.3019702,2,1,1,1,0,0,0,115,7,2.5
7.121110046,74.11717952,3,1,1,1,0,0,0,146,10,5.4
9.531771925,100,1,0,0,2,1,5,0,27,19,65.3
5.555987412,66.96325432,2,1,0,2,0,0,0,112,10,8.8
7.463125521,91.39116805,2,1,1,0,0,0,0,134,7,0.6
5.056768224,91.77700814,1,1,0,0,0,1,0,51,11,16.9
7.34330321,69.46411758,1,0,0,2,0,3,0,62,9,11.8
5.281516378,80.68983079,2,0,1,1,0,0,0,15,7,12.5
5.594089581,91.28396623,3,0,1,0,0,5,0,74,9,10.6
5.587631234,71.20872259,2,0,0,0,0,1,0,154,6,0
8.246051511,72.9641964,1,0,0,0,1,0,0,163,23,59.7
8.730224396,69.18319086,3,0,1,1,1,5,0,153,21,56.7
7.916843825,64.85243269,2,1,1,2,1,0,0,58,23,70.2
9.810862742,68.50722455,2,1,1,1,0,0,0,129,10,7.1
6.874352898,62.76059733,2,1,1,1,0,1,0,122,9,5.8
6.428560431,75.34083468,2,0,1,2,1,0,0,58,22,68.2
9.342995641,67.30026769,2,0,1,1,0,0,0,92,13,16.8
6.117979193,77.33785912,3,0,0,2,0,0,0,176,9,0.4
9.816112697,59.44104354,2,0,0,2,1,0,0,39,25,76.1
5.060772373,78.30880232,2,0,1,0,0,3,0,146,7,0
9.849394134,83.33528962,3,0,0,2,1,1,0,130,24,65
5.21579956,55.06264357,3,0,0,1,0,5,0,133,7,0.7
9.455715568,78.7405657,1,1,1,2,1,0,0,158,24,62.2
7.638505545,87.27668992,1,0,0,1,0,0,0,24,10,17.6
9.964823981,62.90358981,1,1,1,2,0,0,0,123,6,0
5.368982824,91.72572387,2,0,0,2,0,0,0,49,6,7.1
7.769271422,79.19019009,2,0,0,1,0,0,0,148,1,0
9.846512678,67.94988144,1,0,1,1,0,2,0,33,10,16.7
7.615489221,74.44230922,3,0,1,2,0,5,0,22,5,7.8
8.146993191,80.58326913,2,0,1,2,1,5,0,24,28,83.6
8.478743445,75.76005391,2,0,1,0,0,0,0,43,13,21.7
7.272705324,80.38755992,2,0,1,2,1,3,0,29,26,79.1
8.1377904,65.79326407,2,0,1,1,0,0,0,101,9,7.9
7.92157156,76.69360824,1,0,0,0,0,0,0,37,7,10.3
9.505790052,60.86285503,2,1,0,1,0,3,0,60,6,6
5.227231902,73.88773939,3,0,0,1,0,1,0,42,9,13.8
6.404815948,65.96092359,2,1,0,2,0,0,0,40,8,12
9.75205742,67.64470057,2,0,0,1,0,0,0,24,6,9.6
9.451318919,87.36093175,2,1,1,2,1,0,0,18,25,78.2
7.278283764,85.91310121,1,1,1,0,0,2,0,69,9,11.1
8.100662989,81.09138121,1,0,0,1,0,0,0,80,7,6
6.386905915,64.07687235,2,0,1,1,0,5,0,81,10,11.9
5.940605799,71.8359155,2,1,0,1,0,0,0,149,8,1.1
7.318492025,87.130977,1,0,1,0,0,0,0,69,6,5.1
6.76676114,76.41716914,3,0,1,0,0,0,0,45,7,9.5
7.918280559,98.1932954,3,0,0,1,0,1,0,88,10,11.2
5.388673185,78.93317839,3,1,0,1,0,0,0,33,5,6.7
9.871974038,76.92049116,3,1,1,1,0,2,1,170,9,1
9.931053722,71.90883536,2,0,1,1,0,3,0,95,5,0.5
8.49080857,76.33540905,3,0,0,2,1,5,0,170,23,59
7.680481832,73.47530164,1,0,0,2,0,3,1,161,4,0
6.547638081,82.08108677,3,0,1,1,1,3,0,101,22,63.9
9.068975099,84.56702317,3,1,0,1,0,1,0,34,5,6.6
8.423655863,67.14010539,3,0,1,0,0,3,0,27,16,29.3
5.813084697,61.68767046,3,0,1,2,1,0,0,91,17,54.9
9.554635922,56.63794627,2,0,0,0,1,0,0,57,23,70.3
9.112686215,80.07991327,2,1,1,1,0,0,0,153,9,2.7
9.748999566,63.96633394,2,0,1,1,0,0,0,157,11,6.3
8.628597542,53.47109407,2,0,0,1,0,0,0,159,8,0.1
8.06707598,78.88578605,1,0,0,0,0,5,1,64,6,5.6
7.091215181,99.92999517,2,0,0,2,0,0,0,42,11,17.8
9.663642417,74.93929088,3,0,1,0,1,0,0,18,22,72.2
9.330319448,83.38490774,1,0,0,2,1,1,0,36,25,76.4
5.226093351,75.81829359,3,0,0,0,0,0,0,133,10,6.7
5.131834872,74.01110347,3,1,1,0,0,0,0,115,8,4.5
6.882316834,84.19076483,3,1,1,2,1,0,1,53,22,68.7
9.052766654,72.09725456,3,1,1,0,0,0,0,48,3,1.2
9.936380647,77.67392314,2,0,1,2,1,0,0,111,28,74.9
5.752084456,78.21697806,3,1,1,1,0,2,0,58,7,8.2
7.970653577,68.31909546,3,0,0,0,0,2,0,54,7,8.6
6.904454283,84.9204235,1,0,0,2,0,0,0,111,12,12.9
9.849571989,73.25040243,2,0,1,1,0,0,0,154,5,0
9.210594616,67.44254841,3,0,0,2,1,0,0,144,22,59.6
9.191643524,80.36509844,2,0,0,0,0,2,0,170,7,0
7.343465799,66.01532018,2,0,1,2,0,0,0,88,6,3.2
7.074097512,75.28181157,2,0,0,0,0,0,0,100,9,8
6.36703536,74.90881003,1,0,1,1,0,2,0,104,6,1.6
5.281877483,85.85895566,2,0,0,2,1,0,0,81,22,65.9
9.323611881,79.74698233,3,0,1,2,1,0,0,90,26,73
9.064505046,74.74973041,2,0,0,2,1,0,0,106,25,69.4
9.998588366,83.17766299,1,1,1,2,1,5,1,24,19,65.6
9.983184185,88.90207549,1,1,1,2,0,3,1,100,11,12
7.777158528,80.57810306,2,0,1,0,0,2,0,116,9,6.4
8.844937076,75.1035262,3,0,1,1,0,0,0,122,11,9.8
9.723828649,61.88163768,2,0,0,1,0,1,0,179,4,0
9.248236953,64.34886337,2,1,1,1,0,5,0,105,7,3.5
6.236740509,71.94775296,2,0,1,1,0,5,0,93,7,4.7
7.252720677,68.90487798,2,0,1,1,0,0,0,100,12,14
5.645797076,73.13028697,3,0,1,0,0,3,0,121,7,1.9
9.770255136,75.56649925,3,0,0,2,1,0,1,115,29,76.5
8.030873172,80.29692754,1,0,1,0,0,0,0,122,7,1.8
6.143214028,74.29501222,2,1,1,1,0,1,0,74,3,0
8.358503422,79.86501644,1,0,0,1,0,0,0,62,9,11.8
8.090641202,75.64474415,2,0,0,2,0,5,0,131,13,12.9
6.79081359,55.24533434,2,1,0,2,1,0,0,120,21,60
5.567787961,65.60664606,1,1,0,2,0,1,0,161,5,0
8.357865978,73.55912444,2,0,1,0,0,5,0,47,6,7.3
7.601538505,62.90305257,2,0,1,1,0,5,0,58,5,4.2
8.861591959,80.9992873,3,0,1,0,0,0,0,179,5,0
7.600817506,90.30750832,3,1,1,1,0,0,0,126,6,0
9.260907502,87.18761852,1,0,0,1,0,1,0,103,15,19.7
7.759534194,72.86557129,3,1,1,0,0,0,0,50,7,9
7.804689858,89.90726137,2,0,0,1,0,5,0,95,9,8.5
9.383268013,76.48667457,2,0,0,2,1,5,0,102,25,69.8
7.017414331,71.62914029,3,0,0,2,1,0,0,163,25,63.7
5.670076142,68.86597336,3,0,1,1,0,0,0,144,7,0
5.143913382,71.97530314,3,0,1,0,0,0,0,45,9,13.5
8.775686278,71.11823181,2,0,1,0,0,5,0,122,6,0
8.101547757,76.70416222,2,0,1,1,0,0,0,44,7,9.6
8.52039884,76.60573981,3,1,1,2,1,0,0,26,24,75.4
6.064820808,75.0304602,2,0,1,0,0,0,0,65,7,7.5
5.681857378,79.3693817,2,1,1,2,1,1,0,135,20,56.5
5.072723328,86.90646275,2,0,0,0,0,0,0,166,9,1.4
6.752937794,84.49554135,2,0,1,2,1,0,0,166,20,53.4
7.949588434,60.15102032,2,0,0,1,1,5,0,153,23,60.7
6.961220225,50,1,0,0,2,0,5,0,27,5,7.3
7.18737461,84.34319911,3,1,1,1,0,2,0,105,12,13.5
9.520793472,61.33121302,1,0,1,2,1,0,0,88,21,63.2
6.741277335,72.75234598,2,0,1,0,0,0,0,34,9,14.6
7.569947446,63.29886974,2,0,0,0,0,1,0,86,1,0
8.918265064,56.98019562,1,0,1,2,1,0,0,87,24,69.3
6.982713912,80.41462728,1,0,0,2,1,5,0,85,23,67.5
8.110433501,82.5915516,1,1,1,2,1,1,0,92,25,70.8
9.311818544,69.23489599,3,1,1,2,1,0,0,42,25,75.8
9.747603118,50,2,0,1,2,1,5,0,144,20,55.6
5.735367405,69.53755552,3,0,0,0,0,5,0,135,12,10.5
9.632938126,78.91804005,2,0,0,1,0,0,0,57,3,0.3
7.460581465,60.21088431,2,0,0,1,0,1,0,22,6,9.8
6.291221941,76.8335992,2,0,0,2,1,0,1,27,21,69.3
7.295678781,74.84690151,2,0,1,1,0,0,0,125,8,3.5
9.900162876,80.792915,3,0,0,0,0,0,0,49,4,3.1
7.46309047,76.19580368,2,0,0,1,0,1,0,37,8,12.3
6.643758051,65.26931059,2,0,0,2,1,5,0,60,22,68
8.167004272,86.96571502,3,0,0,1,0,1,0,29,6,9.1
6.200728094,73.41470427,3,0,1,0,0,0,0,144,5,0
5.379316641,74.7269546,3,0,0,0,0,1,1,75,12,16.5
5.64439861,65.66732041,2,1,1,1,0,0,0,129,14,15.1
5.640229195,70.56717749,3,0,0,1,0,3,0,78,10,12.2
5.759513468,66.15197286,2,0,0,2,1,0,0,66,22,67.4
5.694135863,73.2705394,2,0,1,2,0,0,0,178,3,0
8.204373724,92.1170848,2,1,1,2,1,0,0,83,19,59.7
5.909400422,61.28098857,2,0,1,1,0,2,0,81,14,19.9
6.728336417,58.86438602,1,0,0,2,1,0,0,97,21,62.3
9.48394205,89.71170327,2,0,1,1,0,2,0,16,10,18.4
7.369808201,72.90676323,3,1,1,1,0,0,0,92,10,10.8
8.337788693,68.30927261,2,1,1,2,1,0,0,42,25,75.8
5.861599356,85.39904687,1,0,1,0,1,0,0,68,24,71.2
5.961445094,68.9438446,1,1,1,0,0,5,0,81,9,9.9
5.204343081,93.26009714,3,1,1,2,1,5,0,178,20,52.2
5.844675315,81.77925871,2,1,1,1,0,0,0,116,8,4.4
6.392951695,70.12088592,2,0,1,2,0,0,0,134,6,0
5.885052421,96.57308213,3,0,0,0,0,0,0,167,10,3.3
5.443512669,68.94285077,3,0,1,2,1,1,0,62,26,75.8
5.603179356,82.42095372,2,1,1,1,0,0,0,61,9,11.9
7.30389384,77.9929258,2,0,1,0,0,5,0,35,8,12.5
6.031668592,88.01741289,3,0,0,2,1,5,0,172,24,60.8
6.821349305,90.61511197,2,0,0,1,0,0,0,106,5,0
7.517086354,75.32004149,1,1,1,1,0,0,0,173,12,6.7
8.451974143,67.4658213,3,1,1,0,0,3,0,135,5,0
5.196560699,79.59972143,2,0,1,0,0,3,0,130,10,7
8.997051995,68.2228463,2,1,1,1,0,0,0,168,9,1.2
8.139501947,95.13387248,2,0,0,0,1,0,0,164,29,71.6
5.40879516,76.36535331,1,1,0,2,1,0,0,163,26,65.7
9.367893121,71.34678449,1,0,1,0,0,0,0,15,10,18.5
9.604362003,76.84680306,3,0,0,1,0,0,0,179,14,10.1
5.305389799,61.5287371,1,1,1,0,0,0,0,91,10,10.9
6.384388241,65.28385961,2,0,1,1,0,1,0,99,8,6.1
9.031006399,87.00413908,2,1,1,2,1,0,0,60,22,68
8.741298452,68.43105721,1,0,1,0,0,0,1,151,10,4.9
5.922605097,64.53089017,3,0,0,2,1,0,0,159,21,56.1
6.046746617,80.36652753,2,0,0,1,0,3,0,61,8,9.9
6.852360514,86.85704155,2,0,1,2,1,3,0,73,22,66.7
7.422614926,82.18953311,2,0,1,1,0,0,0,68,12,17.2
8.091273858,84.96047686,2,0,1,2,1,0,0,100,19,58
6.844568198,67.43204911,1,0,1,1,0,5,0,26,11,19.4
7.312673581,60.78189333,3,0,0,1,0,0,0,20,10,18
8.737354691,90.01333652,3,1,1,0,0,0,0,67,8,9.3
5.183416014,71.77320161,2,1,1,0,0,0,0,158,8,0.2
6.262184722,72.49166984,2,0,0,2,1,0,0,104,28,75.6
8.566747929,88.28194142,3,1,1,1,1,0,0,19,26,80.1
9.476034188,80.56230009,3,0,1,1,0,5,0,87,9,9.3
7.558387211,79.55887772,2,0,1,2,1,1,0,28,21,69.2
7.660567426,96.65002345,2,1,1,1,0,0,0,120,2,0
5.535860057,68.5648177,2,1,1,2,1,5,0,66,26,75.4
7.237061834,84.27840128,3,0,1,2,0,0,0,130,7,1
7.663086332,75.57013125,3,1,1,1,0,0,0,40,15,26
6.212352518,77.68592279,1,0,1,2,1,1,0,67,21,65.3
6.346216155,90.28468426,2,1,1,0,0,1,1,123,8,3.7
6.886420816,80.07835756,3,0,0,1,0,0,0,43,5,5.7
5.100355989,80.38296079,3,0,0,1,0,0,0,33,10,16.7
6.610395828,85.72507337,3,0,0,1,0,1,0,61,5,3.9
6.057240035,71.3504727,3,0,0,2,1,1,0,150,19,53
6.637486761,66.60790333,2,0,0,2,0,1,0,37,5,6.3
5.598810659,64.55190806,2,1,1,1,0,0,0,131,9,4.9
9.452636404,55.33643411,2,0,0,1,0,0,0,120,10,8
7.967962268,95.5620713,1,0,1,2,1,0,0,177,25,62.3
8.395511596,63.96791634,2,0,0,1,1,0,0,67,19,61.3
8.945856193,72.78746376,3,0,0,1,0,5,0,110,11,11
7.492210995,72.231867,1,0,1,1,0,0,0,19,9,16.1
5.43460144,78.07406698,3,0,1,2,1,0,0,30,21,69
7.685532709,83.15737213,2,0,1,1,0,2,0,31,12,20.9
7.93420559,83.60473488,3,0,1,2,1,0,0,174,23,58.6
8.727197371,69.16922561,1,0,1,2,1,0,0,116,22,62.4
7.158297731,73.32878286,2,1,1,1,0,3,0,34,5,6.6
5.637901514,77.8257995,2,1,1,1,0,3,0,126,10,7.4
6.418879529,72.51308874,2,0,1,2,1,1,1,134,24,64.6
6.815411482,91.07345576,3,0,0,1,0,0,0,125,8,3.5
8.229586207,79.90974952,3,0,0,2,0,1,0,15,9,16.5
7.853891523,82.34877786,1,0,1,2,1,2,0,72,22,66.8
6.780483629,81.62881269,2,0,0,2,1,0,0,107,17,53.3
9.932576244,86.73473857,2,0,1,2,1,0,0,20,19,66
8.028874097,76.81021559,2,0,0,2,1,3,1,122,22,61.8
6.186133959,62.03168052,3,0,0,2,0,0,0,117,4,0
5.508912363,78.99687952,3,0,1,1,0,2,1,64,6,5.6
5.764295696,68.48643106,2,1,1,0,0,0,0,132,9,4.8
6.229788642,69.71383318,3,1,0,1,0,0,0,124,4,0
5.803406866,80.86364019,2,0,1,2,1,0,0,102,25,69.8
5.93283512,87.38283071,3,0,1,1,0,3,0,34,7,10.6
6.425475843,75.21271577,2,1,1,2,1,0,0,28,26,79.2
5.866867976,78.08833013,3,1,1,1,0,1,0,147,4,0
9.483827123,92.02214945,3,0,1,2,1,1,0,54,31,86.6
5.401168728,77.40753179,2,0,1,0,0,2,0,48,8,11.2
7.622556948,100,3,0,1,2,0,5,0,138,5,0
7.051984135,80.65509646,1,0,1,1,0,1,0,59,8,10.1
9.911893085,57.39237241,2,0,1,1,0,0,0,94,4,0
5.560194511,82.53341621,2,0,1,1,0,5,0,85,8,7.5
6.989277995,78.81158385,3,0,0,2,0,1,0,169,9,1.1
9.847352166,87.89752754,3,0,0,1,0,0,0,92,9,8.8
9.327535629,81.73181351,3,1,1,1,0,0,0,92,10,10.8
9.085360355,73.61544016,3,0,0,2,0,3,0,47,6,7.3
6.289514135,62.75701764,2,0,1,2,1,0,0,47,22,69.3
5.854437937,72.90976743,3,0,0,2,0,1,0,58,9,12.2
8.3432161,66.49479546,2,0,1,1,0,0,0,34,7,10.6
9.646879946,69.1947655,2,1,1,1,0,0,1,125,11,9.5
7.783814465,80.88578404,1,0,0,2,1,1,0,178,17,46.2
7.858063447,91.69904504,3,0,0,1,0,0,0,21,17,31.9
6.399895468,78.9467153,3,1,1,2,0,0,1,174,12,6.6
8.847464666,63.04116938,2,0,0,1,0,1,0,38,8,12.2
5.935218743,79.44602668,1,1,1,1,1,0,0,84,18,57.6
6.618396182,86.96631487,3,0,1,0,0,2,1,126,9,5.4
7.127182193,68.90217096,1,0,0,1,0,3,0,118,9,6.2
7.538051893,73.65982833,3,0,0,0,0,2,0,68,6,5.2
6.212048662,75.14688195,3,0,1,0,0,0,0,52,6,6.8
5.574184124,67.15101687,2,1,1,2,1,0,0,88,25,71.2
8.053100212,81.48280434,2,1,1,1,0,1,0,94,3,0
6.443152766,73.79051851,3,0,0,2,0,5,0,46,4,3.4
7.906191107,79.19532444,3,0,0,2,1,3,0,59,25,74.1
5.771813576,66.12507822,2,1,1,1,0,3,0,75,6,4.5
7.405700509,70.625417,3,1,1,0,0,0,0,67,12,17.3
7.662947163,82.22381358,1,0,1,2,1,0,0,142,24,63.8
5.259117684,71.27166848,2,0,1,2,0,0,0,90,9,9
6.683021391,92.26963851,3,0,0,2,1,0,0,41,25,75.9
5.672073385,71.00363814,3,1,0,2,0,0,0,76,6,4.4
5.316874852,77.24684726,1,0,0,2,1,5,0,32,24,74.8
9.949801162,84.32590832,3,0,0,1,0,0,0,141,7,0
6.611769225,60.81634267,2,1,1,1,0,0,0,123,12,11.7
9.049372229,57.39191188,2,0,0,2,1,0,0,117,23,64.3
6.273203274,59.74343685,1,0,1,0,0,5,0,91,10,10.9
8.407513611,87.62584103,3,0,0,2,1,1,0,131,21,58.9
8.801139299,69.48141854,1,0,1,0,0,1,0,118,11,10.2
7.978193703,100,2,0,1,1,0,5,0,172,7,0
7.357880943,69.35752401,2,0,0,2,1,0,1,63,21,65.7
7.059204571,76.84551303,3,0,1,1,0,1,0,130,8,3
6.744341333,90.42109953,2,0,1,1,0,0,0,155,8,0.5
9.647645721,95.06092888,3,1,1,1,0,0,0,176,8,0
9.153097039,95.61503577,2,1,1,2,0,3,0,114,9,6.6
9.825134553,87.08366231,2,0,0,1,0,2,1,139,6,0
5.621486117,85.24062526,2,0,0,2,1,0,0,39,27,80.1
8.654337376,80.92526949,3,0,0,0,1,0,0,142,20,55.8
9.691702284,82.78361076,3,0,0,2,1,1,0,114,21,60.6
5.906165331,69.48814284,1,0,1,2,1,0,0,160,24,62
5.332481337,66.81801117,2,0,1,0,0,0,0,19,11,20.1
8.705603246,74.96625543,1,0,0,1,0,0,0,33,13,22.7
7.872365566,73.29815377,2,0,0,0,0,0,0,32,6,8.8
9.209143884,70.46771951,2,0,0,2,0,3,0,135,11,8.5
5.698861883,81.96387447,2,0,0,1,1,0,0,46,20,65.4
8.976336559,84.55305209,2,0,0,2,1,0,0,163,22,57.7
6.0081366,75.88406886,2,0,1,0,0,1,0,24,6,9.6
5.818279714,89.77530081,2,0,0,1,0,3,0,51,10,14.9
5.82132899,63.58310886,3,1,1,0,0,0,0,100,5,0
9.072873601,73.06340541,2,1,1,1,0,0,0,27,6,9.3
8.325986103,67.83177679,1,0,1,1,0,0,0,159,8,0.1
7.615327124,56.33463383,3,0,1,2,1,2,0,23,21,69.7
6.794152421,74.17319314,2,0,0,2,1,1,0,102,18,55.8
9.386002704,73.78252492,2,0,0,1,0,3,0,60,6,6
6.962225537,90.13449743,2,0,0,2,0,5,0,150,7,0
9.082997197,81.30811685,2,1,1,2,1,2,0,133,26,68.7
7.195674543,64.75813176,1,0,1,2,1,1,0,179,22,56.1
6.884722147,93.54092566,2,1,1,1,0,0,0,33,9,14.7
7.313398928,87.21033696,3,0,1,1,0,0,0,108,4,0
6.506889371,80.82097703,2,0,0,0,0,5,0,40,7,10
8.738046901,72.73515901,2,1,1,2,0,0,0,60,9,12
7.51360195,65.40560763,2,0,1,0,0,0,0,132,9,4.8
6.161063476,71.27793224,1,0,0,1,0,1,0,60,6,6
9.497872866,85.8874862,2,0,1,1,0,0,0,28,6,9.2
6.919456107,93.84586306,3,0,0,1,0,1,0,99,7,4.1
7.717764306,90.43243528,1,1,1,2,1,1,0,77,22,66.3
9.532360555,70.11150578,2,0,1,0,0,0,0,86,6,3.4
8.12118998,63.80382567,2,1,1,1,0,3,0,17,13,24.3
5.584490204,76.40886247,2,1,1,2,0,0,0,42,6,7.8
9.699160618,57.31560634,3,1,1,2,0,0,0,139,7,0.1
8.138540265,78.23167714,1,0,1,2,1,1,0,171,21,54.9
6.674528073,73.52397414,2,0,0,2,0,1,1,101,10,9.9
5.696360363,70.33963498,1,1,1,2,1,2,1,160,17,48
8.970125946,59.05296933,3,0,1,1,0,0,0,177,5,0
8.10036378,80.13600107,1,0,0,0,0,1,0,91,8,6.9
7.66730546,69.6729916,2,0,1,2,1,0,0,90,20,61
9.469462915,63.30083164,3,0,0,2,0,5,0,128,5,0
8.942986056,50,3,0,1,2,0,0,0,147,8,1.3
5.758374399,74.72485095,2,0,0,1,0,2,0,89,8,7.1
6.558610339,92.72251597,2,0,1,1,0,0,0,73,6,4.7
6.242445699,91.61259215,2,1,1,1,0,0,0,73,3,0
8.719731463,70.42903743,2,0,1,1,0,0,0,61,7,7.9
5.167662174,68.9778794,2,1,1,0,0,3,0,109,8,5.1
7.849448424,79.68774256,2,0,0,2,0,1,0,155,7,0
8.812293429,65.01614561,2,1,1,0,0,5,1,92,10,10.8
9.383828184,78.017919,2,0,0,0,0,0,0,127,13,13.3
6.710408744,82.66080278,2,1,1,1,0,0,0,123,9,5.7
9.106286523,87.26933224,3,0,1,2,1,0,0,120,20,58
5.553158685,73.99845924,2,1,1,1,0,3,0,103,5,0
9.232261459,72.9632625,1,0,1,1,0,0,0,47,6,7.3
5.637443312,66.22017413,1,1,1,1,0,3,0,111,14,16.9
6.986436453,66.73119646,3,1,1,1,0,5,0,93,10,10.7
8.986476829,72.73521108,2,0,0,2,1,5,0,30,24,75
5.749587137,78.67365507,1,0,0,2,1,1,0,58,24,72.2
6.146256976,84.13584626,2,1,0,1,0,1,1,134,3,0
8.611262842,66.96821049,2,0,0,1,0,2,0,148,4,0
8.600182683,89.92688569,2,1,1,2,1,0,1,122,23,63.8
8.205738164,72.28876399,2,0,1,0,0,1,0,157,11,6.3
8.469742222,74.78632706,1,0,0,1,0,0,0,18,10,18.2
7.713622217,67.52788321,3,1,0,1,0,0,0,70,6,5
6.258995295,50.7575974,2,0,0,2,1,0,0,78,25,72.2
6.728479968,83.84045396,2,1,1,0,0,0,0,176,13,8.4
5.907988584,82.36843897,3,0,0,1,0,0,0,109,7,3.1
9.542252807,72.18672443,2,0,1,2,1,0,0,70,28,79
7.916958974,75.66990717,2,0,1,1,0,1,0,46,5,5.4
7.004257084,80.15939218,2,0,0,0,0,0,0,130,10,7
7.310029018,59.37454143,2,0,1,2,1,1,0,23,26,79.7
9.736416698,69.70947323,3,0,0,1,0,0,0,119,12,12.1
5.766757016,82.9426468,3,0,0,2,1,1,0,92,26,72.8
7.93114916,62.45710577,1,0,0,1,0,1,0,175,9,0.5
7.529443394,77.93557932,1,1,1,1,0,1,0,101,6,1.9
8.057271177,61.43418195,3,0,0,1,0,2,0,35,5,6.5
5.090550919,79.66429982,3,0,0,0,0,0,0,69,10,13.1
9.360619545,74.64358518,3,0,0,0,1,2,0,90,22,65
9.660591412,58.84868184,2,0,0,2,1,0,0,144,20,55.6
7.825665918,86.64739354,2,1,1,1,0,0,0,155,9,2.5
8.483254119,67.65408423,3,0,1,0,0,1,0,140,10,6
9.612496906,66.89747563,2,0,1,1,0,0,0,146,9,3.4
8.536193172,77.00569197,2,0,0,2,0,1,1,98,5,0.2
5.762695215,86.48637349,1,0,1,0,0,1,0,129,10,7.1
7.881441801,64.84178181,2,1,1,1,0,0,0,62,6,5.8
8.033575232,75.6167985,2,0,1,0,0,0,0,137,12,10.3
7.120653357,79.288165,2,1,1,0,0,0,0,92,4,0
8.682221178,81.93105607,3,0,0,0,0,5,0,44,9,13.6
9.671835074,76.76441555,2,0,1,2,1,1,0,43,22,69.7
9.627842565,71.32972161,3,1,1,0,0,0,1,150,3,0
7.254196857,66.72409779,1,0,0,0,0,0,0,154,10,4.6
5.566190229,75.86143883,2,0,0,1,0,1,1,55,5,4.5
9.924205995,64.27860988,3,0,1,2,1,3,0,40,21,68
9.194490432,50,1,0,1,1,0,0,0,64,9,11.6
5.623313406,79.36559804,1,0,1,1,0,0,0,16,4,6.4
9.604209413,84.03934841,2,0,0,0,0,3,0,69,8,9.1
9.34948181,51.37067564,1,0,0,1,0,0,0,118,12,12.2
7.594190286,64.90269295,3,0,0,1,0,0,1,28,12,21.2
7.956377179,81.19154261,3,0,0,1,0,5,0,148,12,9.2
6.995013519,95.5749547,2,0,0,1,0,1,0,142,9,3.8
5.273808194,75.20793708,2,0,1,1,0,0,0,118,4,0
6.675986208,67.71997059,2,0,0,0,0,0,0,109,9,7.1
9.014267243,73.17103559,3,1,1,1,0,0,0,95,5,0.5
5.023160115,88.74876419,1,0,0,0,0,0,0,75,6,4.5
6.667495858,68.54035821,2,1,1,2,1,3,0,26,22,71.4
6.990843468,67.00807993,2,0,0,2,0,0,0,27,6,9.3
7.686978015,70.17256478,2,0,0,2,0,2,0,161,5,0
9.599278082,65.46671392,2,0,1,2,1,5,0,103,24,67.7
6.731729972,76.22670316,3,0,0,2,0,0,1,109,10,9.1
6.734766009,91.24678458,1,0,0,2,1,0,0,73,26,74.7
8.687506241,78.23079273,1,0,0,1,0,1,0,51,8,10.9
7.261089704,72.47646498,3,0,0,2,0,5,0,39,8,12.1
6.123024115,72.08188731,3,1,1,1,0,3,0,30,10,17
7.262197581,59.36809191,1,0,0,1,1,0,0,101,28,75.9
5.704285102,83.83109777,2,0,1,2,1,1,0,156,26,66.4
5.881934933,74.22162803,2,1,1,1,0,1,0,148,7,0
7.491838864,73.19520086,2,0,0,1,0,5,0,37,9,14.3
7.094627248,100,2,0,0,2,1,0,0,140,23,62
9.574229505,77.98752908,1,0,1,0,0,1,0,74,6,4.6
6.811969496,67.4820895,2,1,1,1,1,3,0,154,26,66.6
7.902941751,70.73642404,3,1,1,2,0,0,0,155,7,0
8.16132144,86.48445709,2,0,0,2,0,0,0,114,9,6.6
5.065472283,76.13270411,2,0,0,1,0,0,0,117,6,0.3
8.31768686,60.61722022,1,1,1,1,0,0,1,148,5,0
5.890179834,84.19228935,3,0,0,1,0,0,0,77,11,14.3
9.805351587,68.31855914,3,0,0,2,1,5,0,52,21,66.8
5.743313639,93.73297776,3,0,0,1,0,0,0,142,10,5.8
7.073120619,85.80048066,3,0,0,1,0,0,0,64,8,9.6
5.42674834,70.52678104,3,0,0,0,0,1,1,54,13,20.6
9.984371259,87.81016362,2,0,1,0,0,0,0,22,9,15.8
7.510975052,75.67855511,2,0,0,2,1,0,0,22,20,67.8
7.976925087,83.52773675,2,0,1,1,0,2,0,118,14,16.2
5.335382387,79.84732817,3,1,1,2,1,3,0,48,26,77.2
8.749802352,66.53643345,3,0,1,0,0,1,1,71,7,6.9
6.049527965,68.56450168,2,0,0,2,1,1,0,36,29,84.4
9.490271447,85.29960818,1,0,1,2,0,0,0,101,11,11.9
6.025698202,71.65224668,2,0,0,1,0,5,0,54,3,0.6
5.953438603,70.96351537,3,0,0,0,0,0,0,100,16,22
5.182748339,65.44877421,2,0,1,1,0,2,0,147,6,0
7.360334726,79.23599066,2,1,1,2,0,0,0,109,4,0
7.824205666,95.62524919,2,1,0,1,0,5,1,27,7,11.3
5.328543197,64.32467086,2,0,0,2,1,2,0,42,28,81.8
8.877638083,75.24219457,3,0,0,2,1,2,0,98,22,64.2
7.266444174,89.12220555,2,0,0,2,1,0,1,76,24,70.4
7.621951347,74.20358609,3,1,1,2,1,0,0,107,23,65.3
7.203813735,79.52371796,2,1,1,0,0,1,0,101,11,11.9
7.003815304,64.37606472,2,0,1,1,0,2,0,38,5,6.2
7.798201657,79.28307097,2,0,0,1,0,0,0,112,7,2.8
5.77620123,73.12855735,3,1,1,2,1,5,0,21,21,69.9
5.909640652,84.85729996,2,0,0,2,1,3,1,51,24,72.9
9.308928105,86.87386052,2,0,0,2,1,0,0,82,23,67.8
9.730577311,100,2,0,0,1,0,3,0,100,5,0
6.866546581,80.79633173,3,0,0,0,0,1,0,147,7,0
6.353723366,78.25796317,1,1,1,2,0,0,0,101,6,1.9
8.219997716,76.94384302,3,1,1,1,0,0,0,29,11,19.1
7.043670855,71.46833707,2,0,0,1,0,1,0,137,12,10.3
5.126931778,78.38483843,2,0,0,2,1,2,1,121,25,67.9
5.780762987,72.0459859,1,0,0,0,0,0,0,167,7,0
8.579861144,76.68460976,2,0,0,1,0,1,0,103,12,13.7
8.29461971,88.17597536,2,0,0,1,0,1,0,139,10,6.1
5.135479963,64.93457435,1,0,1,0,0,2,0,127,7,1.3
6.10986081,86.39878561,2,0,1,2,1,0,0,151,26,66.9
6.155373983,88.17115067,3,0,0,1,0,3,0,164,10,3.6
8.359463718,73.81931473,1,0,1,0,1,0,0,121,19,55.9
5.098552689,53.78145101,3,0,1,1,0,0,0,101,6,1.9
5.52054291,68.92178013,2,0,0,2,1,0,0,82,27,75.8
8.999580427,87.96994547,2,0,0,1,0,0,0,29,8,13.1
5.89272331,74.77131938,2,1,0,1,0,3,0,79,14,20.1
8.263730539,65.00697768,1,0,1,0,0,0,0,68,6,5.2
6.190913905,69.95225079,1,0,1,0,0,2,0,172,13,8.8
5.497206964,83.40620027,1,1,1,1,0,0,0,107,7,3.3
6.215860955,80.46733568,1,1,1,2,1,0,0,34,30,86.6
8.611334659,72.61067901,2,0,0,2,1,5,0,47,27,79.3
9.278482341,71.33175588,3,1,1,0,0,2,0,114,15,18.6
9.151099323,71.08241851,3,0,0,1,0,0,0,91,2,0
6.985917648,65.77589816,2,0,0,2,1,1,0,149,25,65.1
8.340425683,91.15375689,1,0,0,1,0,0,0,150,3,0
6.024921477,71.77679531,2,0,0,2,1,0,0,170,21,55
6.465738651,87.17158521,2,0,0,0,0,2,0,121,7,1.9
9.481679093,90.21316052,2,0,0,2,0,2,1,134,9,4.6
5.065009618,84.98310898,2,0,0,2,1,0,0,88,20,61.2
5.427542654,70.68379687,2,0,0,2,0,5,0,25,10,17.5
6.039431276,79.0373009,2,0,0,2,0,1,0,45,10,15.5
5.132661019,74.75804394,2,0,1,1,0,0,1,26,7,11.4
5.907177175,65.96298139,3,0,1,2,1,1,0,138,25,66.2
7.915207805,78.24359282,3,1,1,1,0,1,0,92,10,10.8
7.107122753,63.20960209,2,1,1,1,0,1,0,110,7,3
9.463358555,86.87679388,3,1,1,2,1,0,0,64,26,75.6
9.087217809,70.35382703,3,0,0,2,0,1,0,131,10,6.9
6.709086758,77.01159656,2,1,1,2,0,0,0,31,4,4.9
6.297117167,77.83287872,2,0,0,1,0,3,0,177,12,6.3
6.898462041,72.41095026,2,0,1,2,1,1,0,143,22,59.7
7.951474713,80.86693801,3,0,1,2,1,0,0,171,21,54.9
6.340318204,70.25096343,3,0,1,0,0,2,0,78,5,2.2
8.120744539,83.71297297,1,0,0,1,0,5,0,146,10,5.4
7.047058261,61.5402032,2,0,1,1,0,5,0,101,9,7.9
7.760235904,76.2637958,2,1,1,1,0,0,0,170,8,0
7.180632646,94.38928999,2,0,1,2,1,0,0,30,26,79
6.472328798,64.99668675,1,0,0,2,0,1,1,77,13,18.3
9.742266535,68.22255029,3,1,1,2,1,0,0,90,24,69
8.818028971,80.1390785,2,0,0,2,1,5,0,99,20,60.1
5.700565879,76.79581782,3,0,0,1,0,0,0,123,10,7.7
9.342339879,78.50630099,3,0,0,2,1,0,0,31,22,70.9
7.437155991,79.8918713,3,0,0,1,0,0,0,155,9,2.5
9.472761134,81.34721469,2,0,1,2,1,0,0,72,20,62.8
8.99927628,86.09699842,2,0,1,0,0,2,0,179,8,0
7.126067522,79.09818657,1,0,0,2,1,0,0,93,20,60.7
5.112346542,72.58742345,2,0,1,1,0,0,0,75,7,6.5
6.343386797,81.72573701,1,0,1,1,0,0,0,127,6,0
7.708171073,93.99881935,2,0,0,2,1,1,0,135,26,68.5
8.167391099,73.67366254,2,0,0,1,0,0,0,48,8,11.2
6.289438427,65.25470695,1,1,1,2,0,1,0,84,9,9.6
5.69678037,86.07080669,1,0,0,1,0,1,0,31,11,18.9
9.174651184,73.79618836,1,0,0,2,1,2,0,34,28,82.6
9.922010904,53.27330454,3,0,0,1,0,5,0,73,14,20.7
7.628450912,83.47421677,3,0,0,0,0,5,0,83,11,13.7
5.858396429,69.64671814,2,0,1,1,0,5,0,175,12,6.5
6.361536633,74.09466718,1,0,1,1,0,0,0,116,5,0
5.091953383,78.31980331,1,1,1,0,0,0,0,134,9,4.6
9.571494033,76.9049968,1,1,1,1,0,0,0,159,8,0.1
5.588755414,82.09451817,1,0,0,1,0,3,0,71,4,0.9
7.882582378,70.64513629,3,1,1,0,0,5,0,97,7,4.3
6.370276103,80.13105798,2,0,0,1,0,3,0,143,5,0
7.770890013,72.40453322,2,0,0,2,0,0,0,27,15,27.3
8.257101942,82.38810481,1,0,0,0,0,5,0,169,8,0
9.148709019,81.15367484,2,0,0,1,0,0,0,20,8,14
6.032106359,65.64561298,2,1,1,2,1,0,0,111,25,68.9
5.054979143,85.85982116,2,0,1,1,0,0,0,108,7,3.2
5.68442815,69.64036555,2,0,0,2,1,0,0,124,24,65.6
9.500093209,83.08057798,1,1,1,1,0,1,0,165,10,3.5
9.369450388,78.67287313,2,0,0,1,0,0,0,152,11,6.8
7.987065511,93.38183677,2,0,1,0,0,0,0,65,3,0
8.002584302,72.76534018,2,0,1,2,1,1,0,161,25,63.9
8.325183373,71.50683204,3,1,1,2,1,3,0,65,24,71.5
5.876856393,74.80580394,2,1,0,0,0,1,0,101,8,5.9
9.57205973,71.96820217,2,0,0,1,0,0,0,82,4,0
7.093852624,82.99941902,2,0,1,2,0,3,0,98,8,6.2
6.915692641,58.83689392,2,0,0,1,0,5,0,56,8,10.4
7.594588526,64.46317581,2,1,1,1,0,0,0,71,4,0.9
5.234829834,64.32197078,2,0,1,2,0,1,0,76,8,8.4
5.831416844,84.50307592,3,0,0,2,0,0,0,21,5,7.9
8.690168082,92.10613373,1,1,1,1,0,0,0,126,5,0
5.41399334,73.95550781,2,0,0,2,1,1,0,40,23,72
8.015760547,73.31178277,2,0,1,2,0,3,0,168,10,3.2
6.226745548,75.70052163,3,0,0,1,0,0,1,33,5,6.7
6.94647807,86.61878303,2,1,1,1,0,3,0,23,9,15.7
6.443468684,65.72646866,2,0,1,1,0,3,1,75,6,4.5
6.778363582,77.38368983,1,0,1,2,1,5,1,34,23,72.6
8.595229526,84.7519763,2,0,1,2,1,0,0,120,27,72
6.485608578,80.0109417,1,0,1,0,0,5,0,64,10,13.6
7.832023201,76.89581617,2,0,1,2,1,0,0,95,19,58.5
7.380252011,85.01046093,1,0,0,1,0,1,0,164,10,3.6
8.318355827,50,2,1,1,0,0,0,0,155,12,8.5
9.684148697,81.7787532,2,0,0,1,0,0,1,154,6,0
8.662860486,68.45924317,2,0,0,1,0,2,0,24,8,13.6
6.074701893,56.69367103,3,0,1,2,1,0,0,79,19,60.1
5.155915675,80.112026,2,0,0,1,0,0,0,172,10,2.8
6.311320221,88.73658545,2,1,0,2,0,0,0,22,8,13.8
7.975389654,73.62551485,2,0,0,1,0,1,0,163,12,7.7
5.257129067,84.52874547,1,0,1,0,1,0,0,36,24,74.4
7.481831236,91.12278258,3,0,0,2,0,3,0,32,4,4.8
7.984214245,88.14914454,1,0,0,1,0,0,0,23,7,11.7
6.671219454,91.39964529,2,0,1,1,1,0,0,68,21,65.2
8.854561019,82.42127491,2,0,0,1,0,0,0,40,10,16
5.532991266,75.75433639,2,1,1,2,1,0,0,108,25,69.2
5.375688909,58.98034188,2,1,1,1,0,0,0,114,13,14.6
8.640943781,72.53937512,2,0,0,0,0,0,0,40,11,18
7.477456581,66.56753405,1,1,1,0,0,5,0,48,16,27.2
8.442011982,96.70942717,3,0,1,1,0,1,0,22,6,9.8
7.174136693,73.24114188,2,0,0,2,1,0,0,152,24,62.8
6.232010166,76.23204807,3,0,0,1,0,0,0,62,16,25.8
9.095511588,80.51485376,3,0,0,1,0,3,0,121,9,5.9
8.997079395,75.43602446,3,0,1,0,0,0,0,68,7,7.2
8.473482354,91.9505104,2,0,1,1,0,0,0,133,3,0
6.360725686,68.77350638,2,0,0,2,0,2,0,157,3,0
7.951153334,76.94607455,3,0,0,1,0,1,0,95,6,2.5
6.804869485,67.57529414,2,0,0,2,0,1,0,160,4,0
5.457910367,61.79977489,1,1,1,1,0,0,1,110,15,19
9.586567877,68.88230909,3,0,1,0,0,0,0,116,11,10.4
5.684093155,74.62963203,3,0,1,2,0,1,0,165,9,1.5
9.751186769,70.70697775,2,0,0,1,0,0,0,76,5,2.4
7.230028865,68.0757902,1,0,0,2,1,1,0,60,28,80
